sale_id,branch_id,date,name,mobile_number,product_name,gross_sales,received_amount,status
1,2,2024-01-02,Customer_1,9800000001,DA,40000,0,Open
2,3,2024-01-03,Customer_2,9800000002,BA,30000,0,Open
3,4,2024-01-04,Customer_3,9800000003,FSD,45000,0,Open
4,5,2024-01-05,Customer_4,9800000004,DS,35000,0,Open
5,6,2024-01-06,Customer_5,9800000005,DA,40000,0,Open
6,7,2024-01-07,Customer_6,9800000006,BA,30000,0,Open
7,8,2024-01-08,Customer_7,9800000007,FSD,45000,0,Open
8,1,2024-01-09,Customer_8,9800000008,DS,35000,0,Open
9,2,2024-01-10,Customer_9,9800000009,DA,40000,0,Open
10,3,2024-01-11,Customer_10,9800000010,BA,30000,0,Open
11,4,2024-01-12,Customer_11,9800000011,FSD,45000,0,Open
12,5,2024-01-13,Customer_12,9800000012,DS,35000,0,Open
13,6,2024-01-14,Customer_13,9800000013,DA,40000,0,Open
14,7,2024-01-15,Customer_14,9800000014,BA,30000,0,Open
15,8,2024-01-16,Customer_15,9800000015,FSD,45000,0,Open
16,1,2024-01-17,Customer_16,9800000016,DS,35000,0,Open
17,2,2024-01-18,Customer_17,9800000017,DA,40000,0,Open
18,3,2024-01-19,Customer_18,9800000018,BA,30000,0,Open
19,4,2024-01-20,Customer_19,9800000019,FSD,45000,0,Open
20,5,2024-01-21,Customer_20,9800000020,DS,35000,0,Open
21,6,2024-01-22,Customer_21,9800000021,DA,40000,0,Open
22,7,2024-01-23,Customer_22,9800000022,BA,30000,0,Open
23,8,2024-01-24,Customer_23,9800000023,FSD,45000,0,Open
24,1,2024-01-25,Customer_24,9800000024,DS,35000,0,Open
25,2,2024-01-26,Customer_25,9800000025,DA,40000,0,Open
26,3,2024-01-27,Customer_26,9800000026,BA,30000,0,Open
27,4,2024-01-28,Customer_27,9800000027,FSD,45000,0,Open
28,5,2024-01-29,Customer_28,9800000028,DS,35000,0,Open
29,6,2024-01-30,Customer_29,9800000029,DA,40000,0,Open
30,7,2024-01-31,Customer_30,9800000030,BA,30000,0,Open
31,8,2024-02-01,Customer_31,9800000031,FSD,45000,0,Open
32,1,2024-02-02,Customer_32,9800000032,DS,35000,0,Open
33,2,2024-02-03,Customer_33,9800000033,DA,40000,0,Open
34,3,2024-02-04,Customer_34,9800000034,BA,30000,0,Open
35,4,2024-02-05,Customer_35,9800000035,FSD,45000,0,Open
36,5,2024-02-06,Customer_36,9800000036,DS,35000,0,Open
37,6,2024-02-07,Customer_37,9800000037,DA,40000,0,Open
38,7,2024-02-08,Customer_38,9800000038,BA,30000,0,Open
39,8,2024-02-09,Customer_39,9800000039,FSD,45000,0,Open
40,1,2024-02-10,Customer_40,9800000040,DS,35000,0,Open
41,2,2024-02-11,Customer_41,9800000041,DA,40000,0,Open
42,3,2024-02-12,Customer_42,9800000042,BA,30000,0,Open
43,4,2024-02-13,Customer_43,9800000043,FSD,45000,0,Open
44,5,2024-02-14,Customer_44,9800000044,DS,35000,0,Open
45,6,2024-02-15,Customer_45,9800000045,DA,40000,0,Open
46,7,2024-02-16,Customer_46,9800000046,BA,30000,0,Open
47,8,2024-02-17,Customer_47,9800000047,FSD,45000,0,Open
48,1,2024-02-18,Customer_48,9800000048,DS,35000,0,Open
49,2,2024-02-19,Customer_49,9800000049,DA,40000,0,Open
50,3,2024-02-20,Customer_50,9800000050,BA,30000,0,Open
51,4,2024-02-21,Customer_51,9800000051,FSD,45000,0,Open
52,5,2024-02-22,Customer_52,9800000052,DS,35000,0,Open
53,6,2024-02-23,Customer_53,9800000053,DA,40000,0,Open
54,7,2024-02-24,Customer_54,9800000054,BA,30000,0,Open
55,8,2024-02-25,Customer_55,9800000055,FSD,45000,0,Open
56,1,2024-02-26,Customer_56,9800000056,DS,35000,0,Open
57,2,2024-02-27,Customer_57,9800000057,DA,40000,0,Open
58,3,2024-02-28,Customer_58,9800000058,BA,30000,0,Open
59,4,2024-02-29,Customer_59,9800000059,FSD,45000,0,Open
60,5,2024-03-01,Customer_60,9800000060,DS,35000,0,Open
61,6,2024-03-02,Customer_61,9800000061,DA,40000,0,Open
62,7,2024-03-03,Customer_62,9800000062,BA,30000,0,Open
63,8,2024-03-04,Customer_63,9800000063,FSD,45000,0,Open
64,1,2024-03-05,Customer_64,9800000064,DS,35000,0,Open
65,2,2024-03-06,Customer_65,9800000065,DA,40000,0,Open
66,3,2024-03-07,Customer_66,9800000066,BA,30000,0,Open
67,4,2024-03-08,Customer_67,9800000067,FSD,45000,0,Open
68,5,2024-03-09,Customer_68,9800000068,DS,35000,0,Open
69,6,2024-03-10,Customer_69,9800000069,DA,40000,0,Open
70,7,2024-03-11,Customer_70,9800000070,BA,30000,0,Open
71,8,2024-03-12,Customer_71,9800000071,FSD,45000,0,Open
72,1,2024-03-13,Customer_72,9800000072,DS,35000,0,Open
73,2,2024-03-14,Customer_73,9800000073,DA,40000,0,Open
74,3,2024-03-15,Customer_74,9800000074,BA,30000,0,Open
75,4,2024-03-16,Customer_75,9800000075,FSD,45000,0,Open
76,5,2024-03-17,Customer_76,9800000076,DS,35000,0,Open
77,6,2024-03-18,Customer_77,9800000077,DA,40000,0,Open
78,7,2024-03-19,Customer_78,9800000078,BA,30000,0,Open
79,8,2024-03-20,Customer_79,9800000079,FSD,45000,0,Open
80,1,2024-03-21,Customer_80,9800000080,DS,35000,0,Open
81,2,2024-03-22,Customer_81,9800000081,DA,40000,0,Open
82,3,2024-03-23,Customer_82,9800000082,BA,30000,0,Open
83,4,2024-03-24,Customer_83,9800000083,FSD,45000,0,Open
84,5,2024-03-25,Customer_84,9800000084,DS,35000,0,Open
85,6,2024-03-26,Customer_85,9800000085,DA,40000,0,Open
86,7,2024-03-27,Customer_86,9800000086,BA,30000,0,Open
87,8,2024-03-28,Customer_87,9800000087,FSD,45000,0,Open
88,1,2024-03-29,Customer_88,9800000088,DS,35000,0,Open
89,2,2024-03-30,Customer_89,9800000089,DA,40000,0,Open
90,3,2024-03-31,Customer_90,9800000090,BA,30000,0,Open
91,4,2024-04-01,Customer_91,9800000091,FSD,45000,0,Open
92,5,2024-04-02,Customer_92,9800000092,DS,35000,0,Open
93,6,2024-04-03,Customer_93,9800000093,DA,40000,0,Open
94,7,2024-04-04,Customer_94,9800000094,BA,30000,0,Open
95,8,2024-04-05,Customer_95,9800000095,FSD,45000,0,Open
96,1,2024-04-06,Customer_96,9800000096,DS,35000,0,Open
97,2,2024-04-07,Customer_97,9800000097,DA,40000,0,Open
98,3,2024-04-08,Customer_98,9800000098,BA,30000,0,Open
99,4,2024-04-09,Customer_99,9800000099,FSD,45000,0,Open
100,5,2024-04-10,Customer_100,9800000100,DS,35000,0,Open
101,6,2024-04-11,Customer_101,9800000101,DA,40000,0,Open
102,7,2024-04-12,Customer_102,9800000102,BA,30000,0,Open
103,8,2024-04-13,Customer_103,9800000103,FSD,45000,0,Open
104,1,2024-04-14,Customer_104,9800000104,DS,35000,0,Open
105,2,2024-04-15,Customer_105,9800000105,DA,40000,0,Open
106,3,2024-04-16,Customer_106,9800000106,BA,30000,0,Open
107,4,2024-04-17,Customer_107,9800000107,FSD,45000,0,Open
108,5,2024-04-18,Customer_108,9800000108,DS,35000,0,Open
109,6,2024-04-19,Customer_109,9800000109,DA,40000,0,Open
110,7,2024-04-20,Customer_110,9800000110,BA,30000,0,Open
111,8,2024-04-21,Customer_111,9800000111,FSD,45000,0,Open
112,1,2024-04-22,Customer_112,9800000112,DS,35000,0,Open
113,2,2024-04-23,Customer_113,9800000113,DA,40000,0,Open
114,3,2024-04-24,Customer_114,9800000114,BA,30000,0,Open
115,4,2024-04-25,Customer_115,9800000115,FSD,45000,0,Open
116,5,2024-04-26,Customer_116,9800000116,DS,35000,0,Open
117,6,2024-04-27,Customer_117,9800000117,DA,40000,0,Open
118,7,2024-04-28,Customer_118,9800000118,BA,30000,0,Open
119,8,2024-04-29,Customer_119,9800000119,FSD,45000,0,Open
120,1,2024-04-30,Customer_120,9800000120,DS,35000,0,Open
121,2,2024-05-01,Customer_121,9800000121,DA,40000,0,Open
122,3,2024-05-02,Customer_122,9800000122,BA,30000,0,Open
123,4,2024-05-03,Customer_123,9800000123,FSD,45000,0,Open
124,5,2024-05-04,Customer_124,9800000124,DS,35000,0,Open
125,6,2024-05-05,Customer_125,9800000125,DA,40000,0,Open
126,7,2024-05-06,Customer_126,9800000126,BA,30000,0,Open
127,8,2024-05-07,Customer_127,9800000127,FSD,45000,0,Open
128,1,2024-05-08,Customer_128,9800000128,DS,35000,0,Open
129,2,2024-05-09,Customer_129,9800000129,DA,40000,0,Open
130,3,2024-05-10,Customer_130,9800000130,BA,30000,0,Open
131,4,2024-05-11,Customer_131,9800000131,FSD,45000,0,Open
132,5,2024-05-12,Customer_132,9800000132,DS,35000,0,Open
133,6,2024-05-13,Customer_133,9800000133,DA,40000,0,Open
134,7,2024-05-14,Customer_134,9800000134,BA,30000,0,Open
135,8,2024-05-15,Customer_135,9800000135,FSD,45000,0,Open
136,1,2024-05-16,Customer_136,9800000136,DS,35000,0,Open
137,2,2024-05-17,Customer_137,9800000137,DA,40000,0,Open
138,3,2024-05-18,Customer_138,9800000138,BA,30000,0,Open
139,4,2024-05-19,Customer_139,9800000139,FSD,45000,0,Open
140,5,2024-05-20,Customer_140,9800000140,DS,35000,0,Open
141,6,2024-05-21,Customer_141,9800000141,DA,40000,0,Open
142,7,2024-05-22,Customer_142,9800000142,BA,30000,0,Open
143,8,2024-05-23,Customer_143,9800000143,FSD,45000,0,Open
144,1,2024-05-24,Customer_144,9800000144,DS,35000,0,Open
145,2,2024-05-25,Customer_145,9800000145,DA,40000,0,Open
146,3,2024-05-26,Customer_146,9800000146,BA,30000,0,Open
147,4,2024-05-27,Customer_147,9800000147,FSD,45000,0,Open
148,5,2024-05-28,Customer_148,9800000148,DS,35000,0,Open
149,6,2024-05-29,Customer_149,9800000149,DA,40000,0,Open
150,7,2024-05-30,Customer_150,9800000150,BA,30000,0,Open
151,8,2024-05-31,Customer_151,9800000151,FSD,45000,0,Open
152,1,2024-06-01,Customer_152,9800000152,DS,35000,0,Open
153,2,2024-06-02,Customer_153,9800000153,DA,40000,0,Open
154,3,2024-06-03,Customer_154,9800000154,BA,30000,0,Open
155,4,2024-06-04,Customer_155,9800000155,FSD,45000,0,Open
156,5,2024-06-05,Customer_156,9800000156,DS,35000,0,Open
157,6,2024-06-06,Customer_157,9800000157,DA,40000,0,Open
158,7,2024-06-07,Customer_158,9800000158,BA,30000,0,Open
159,8,2024-06-08,Customer_159,9800000159,FSD,45000,0,Open
160,1,2024-06-09,Customer_160,9800000160,DS,35000,0,Open
161,2,2024-06-10,Customer_161,9800000161,DA,40000,0,Open
162,3,2024-06-11,Customer_162,9800000162,BA,30000,0,Open
163,4,2024-06-12,Customer_163,9800000163,FSD,45000,0,Open
164,5,2024-06-13,Customer_164,9800000164,DS,35000,0,Open
165,6,2024-06-14,Customer_165,9800000165,DA,40000,0,Open
166,7,2024-06-15,Customer_166,9800000166,BA,30000,0,Open
167,8,2024-06-16,Customer_167,9800000167,FSD,45000,0,Open
168,1,2024-06-17,Customer_168,9800000168,DS,35000,0,Open
169,2,2024-06-18,Customer_169,9800000169,DA,40000,0,Open
170,3,2024-06-19,Customer_170,9800000170,BA,30000,0,Open
171,4,2024-06-20,Customer_171,9800000171,FSD,45000,0,Open
172,5,2024-06-21,Customer_172,9800000172,DS,35000,0,Open
173,6,2024-06-22,Customer_173,9800000173,DA,40000,0,Open
174,7,2024-06-23,Customer_174,9800000174,BA,30000,0,Open
175,8,2024-06-24,Customer_175,9800000175,FSD,45000,0,Open
176,1,2024-06-25,Customer_176,9800000176,DS,35000,0,Open
177,2,2024-06-26,Customer_177,9800000177,DA,40000,0,Open
178,3,2024-06-27,Customer_178,9800000178,BA,30000,0,Open
179,4,2024-06-28,Customer_179,9800000179,FSD,45000,0,Open
180,5,2024-01-01,Customer_180,9800000180,DS,35000,0,Open
181,6,2024-01-02,Customer_181,9800000181,DA,40000,0,Open
182,7,2024-01-03,Customer_182,9800000182,BA,30000,0,Open
183,8,2024-01-04,Customer_183,9800000183,FSD,45000,0,Open
184,1,2024-01-05,Customer_184,9800000184,DS,35000,0,Open
185,2,2024-01-06,Customer_185,9800000185,DA,40000,0,Open
186,3,2024-01-07,Customer_186,9800000186,BA,30000,0,Open
187,4,2024-01-08,Customer_187,9800000187,FSD,45000,0,Open
188,5,2024-01-09,Customer_188,9800000188,DS,35000,0,Open
189,6,2024-01-10,Customer_189,9800000189,DA,40000,0,Open
190,7,2024-01-11,Customer_190,9800000190,BA,30000,0,Open
191,8,2024-01-12,Customer_191,9800000191,FSD,45000,0,Open
192,1,2024-01-13,Customer_192,9800000192,DS,35000,0,Open
193,2,2024-01-14,Customer_193,9800000193,DA,40000,0,Open
194,3,2024-01-15,Customer_194,9800000194,BA,30000,0,Open
195,4,2024-01-16,Customer_195,9800000195,FSD,45000,0,Open
196,5,2024-01-17,Customer_196,9800000196,DS,35000,0,Open
197,6,2024-01-18,Customer_197,9800000197,DA,40000,0,Open
198,7,2024-01-19,Customer_198,9800000198,BA,30000,0,Open
199,8,2024-01-20,Customer_199,9800000199,FSD,45000,0,Open
200,1,2024-01-21,Customer_200,9800000200,DS,35000,0,Open
201,2,2024-01-22,Customer_201,9800000201,DA,40000,0,Open
202,3,2024-01-23,Customer_202,9800000202,BA,30000,0,Open
203,4,2024-01-24,Customer_203,9800000203,FSD,45000,0,Open
204,5,2024-01-25,Customer_204,9800000204,DS,35000,0,Open
205,6,2024-01-26,Customer_205,9800000205,DA,40000,0,Open
206,7,2024-01-27,Customer_206,9800000206,BA,30000,0,Open
207,8,2024-01-28,Customer_207,9800000207,FSD,45000,0,Open
208,1,2024-01-29,Customer_208,9800000208,DS,35000,0,Open
209,2,2024-01-30,Customer_209,9800000209,DA,40000,0,Open
210,3,2024-01-31,Customer_210,9800000210,BA,30000,0,Open
211,4,2024-02-01,Customer_211,9800000211,FSD,45000,0,Open
212,5,2024-02-02,Customer_212,9800000212,DS,35000,0,Open
213,6,2024-02-03,Customer_213,9800000213,DA,40000,0,Open
214,7,2024-02-04,Customer_214,9800000214,BA,30000,0,Open
215,8,2024-02-05,Customer_215,9800000215,FSD,45000,0,Open
216,1,2024-02-06,Customer_216,9800000216,DS,35000,0,Open
217,2,2024-02-07,Customer_217,9800000217,DA,40000,0,Open
218,3,2024-02-08,Customer_218,9800000218,BA,30000,0,Open
219,4,2024-02-09,Customer_219,9800000219,FSD,45000,0,Open
220,5,2024-02-10,Customer_220,9800000220,DS,35000,0,Open
221,6,2024-02-11,Customer_221,9800000221,DA,40000,0,Open
222,7,2024-02-12,Customer_222,9800000222,BA,30000,0,Open
223,8,2024-02-13,Customer_223,9800000223,FSD,45000,0,Open
224,1,2024-02-14,Customer_224,9800000224,DS,35000,0,Open
225,2,2024-02-15,Customer_225,9800000225,DA,40000,0,Open
226,3,2024-02-16,Customer_226,9800000226,BA,30000,0,Open
227,4,2024-02-17,Customer_227,9800000227,FSD,45000,0,Open
228,5,2024-02-18,Customer_228,9800000228,DS,35000,0,Open
229,6,2024-02-19,Customer_229,9800000229,DA,40000,0,Open
230,7,2024-02-20,Customer_230,9800000230,BA,30000,0,Open
231,8,2024-02-21,Customer_231,9800000231,FSD,45000,0,Open
232,1,2024-02-22,Customer_232,9800000232,DS,35000,0,Open
233,2,2024-02-23,Customer_233,9800000233,DA,40000,0,Open
234,3,2024-02-24,Customer_234,9800000234,BA,30000,0,Open
235,4,2024-02-25,Customer_235,9800000235,FSD,45000,0,Open
236,5,2024-02-26,Customer_236,9800000236,DS,35000,0,Open
237,6,2024-02-27,Customer_237,9800000237,DA,40000,0,Open
238,7,2024-02-28,Customer_238,9800000238,BA,30000,0,Open
239,8,2024-02-29,Customer_239,9800000239,FSD,45000,0,Open
240,1,2024-03-01,Customer_240,9800000240,DS,35000,0,Open
241,2,2024-03-02,Customer_241,9800000241,DA,40000,0,Open
242,3,2024-03-03,Customer_242,9800000242,BA,30000,0,Open
243,4,2024-03-04,Customer_243,9800000243,FSD,45000,0,Open
244,5,2024-03-05,Customer_244,9800000244,DS,35000,0,Open
245,6,2024-03-06,Customer_245,9800000245,DA,40000,0,Open
246,7,2024-03-07,Customer_246,9800000246,BA,30000,0,Open
247,8,2024-03-08,Customer_247,9800000247,FSD,45000,0,Open
248,1,2024-03-09,Customer_248,9800000248,DS,35000,0,Open
249,2,2024-03-10,Customer_249,9800000249,DA,40000,0,Open
250,3,2024-03-11,Customer_250,9800000250,BA,30000,0,Open
251,4,2024-03-12,Customer_251,9800000251,FSD,45000,0,Open
252,5,2024-03-13,Customer_252,9800000252,DS,35000,0,Open
253,6,2024-03-14,Customer_253,9800000253,DA,40000,0,Open
254,7,2024-03-15,Customer_254,9800000254,BA,30000,0,Open
255,8,2024-03-16,Customer_255,9800000255,FSD,45000,0,Open
256,1,2024-03-17,Customer_256,9800000256,DS,35000,0,Open
257,2,2024-03-18,Customer_257,9800000257,DA,40000,0,Open
258,3,2024-03-19,Customer_258,9800000258,BA,30000,0,Open
259,4,2024-03-20,Customer_259,9800000259,FSD,45000,0,Open
260,5,2024-03-21,Customer_260,9800000260,DS,35000,0,Open
261,6,2024-03-22,Customer_261,9800000261,DA,40000,0,Open
262,7,2024-03-23,Customer_262,9800000262,BA,30000,0,Open
263,8,2024-03-24,Customer_263,9800000263,FSD,45000,0,Open
264,1,2024-03-25,Customer_264,9800000264,DS,35000,0,Open
265,2,2024-03-26,Customer_265,9800000265,DA,40000,0,Open
266,3,2024-03-27,Customer_266,9800000266,BA,30000,0,Open
267,4,2024-03-28,Customer_267,9800000267,FSD,45000,0,Open
268,5,2024-03-29,Customer_268,9800000268,DS,35000,0,Open
269,6,2024-03-30,Customer_269,9800000269,DA,40000,0,Open
270,7,2024-03-31,Customer_270,9800000270,BA,30000,0,Open
271,8,2024-04-01,Customer_271,9800000271,FSD,45000,0,Open
272,1,2024-04-02,Customer_272,9800000272,DS,35000,0,Open
273,2,2024-04-03,Customer_273,9800000273,DA,40000,0,Open
274,3,2024-04-04,Customer_274,9800000274,BA,30000,0,Open
275,4,2024-04-05,Customer_275,9800000275,FSD,45000,0,Open
276,5,2024-04-06,Customer_276,9800000276,DS,35000,0,Open
277,6,2024-04-07,Customer_277,9800000277,DA,40000,0,Open
278,7,2024-04-08,Customer_278,9800000278,BA,30000,0,Open
279,8,2024-04-09,Customer_279,9800000279,FSD,45000,0,Open
280,1,2024-04-10,Customer_280,9800000280,DS,35000,0,Open
281,2,2024-04-11,Customer_281,9800000281,DA,40000,0,Open
282,3,2024-04-12,Customer_282,9800000282,BA,30000,0,Open
283,4,2024-04-13,Customer_283,9800000283,FSD,45000,0,Open
284,5,2024-04-14,Customer_284,9800000284,DS,35000,0,Open
285,6,2024-04-15,Customer_285,9800000285,DA,40000,0,Open
286,7,2024-04-16,Customer_286,9800000286,BA,30000,0,Open
287,8,2024-04-17,Customer_287,9800000287,FSD,45000,0,Open
288,1,2024-04-18,Customer_288,9800000288,DS,35000,0,Open
289,2,2024-04-19,Customer_289,9800000289,DA,40000,0,Open
290,3,2024-04-20,Customer_290,9800000290,BA,30000,0,Open
291,4,2024-04-21,Customer_291,9800000291,FSD,45000,0,Open
292,5,2024-04-22,Customer_292,9800000292,DS,35000,0,Open
293,6,2024-04-23,Customer_293,9800000293,DA,40000,0,Open
294,7,2024-04-24,Customer_294,9800000294,BA,30000,0,Open
295,8,2024-04-25,Customer_295,9800000295,FSD,45000,0,Open
296,1,2024-04-26,Customer_296,9800000296,DS,35000,0,Open
297,2,2024-04-27,Customer_297,9800000297,DA,40000,0,Open
298,3,2024-04-28,Customer_298,9800000298,BA,30000,0,Open
299,4,2024-04-29,Customer_299,9800000299,FSD,45000,0,Open
300,5,2024-04-30,Customer_300,9800000300,DS,35000,0,Open
301,6,2024-05-01,Customer_301,9800000301,DA,40000,0,Open
302,7,2024-05-02,Customer_302,9800000302,BA,30000,0,Open
303,8,2024-05-03,Customer_303,9800000303,FSD,45000,0,Open
304,1,2024-05-04,Customer_304,9800000304,DS,35000,0,Open
305,2,2024-05-05,Customer_305,9800000305,DA,40000,0,Open
306,3,2024-05-06,Customer_306,9800000306,BA,30000,0,Open
307,4,2024-05-07,Customer_307,9800000307,FSD,45000,0,Open
308,5,2024-05-08,Customer_308,9800000308,DS,35000,0,Open
309,6,2024-05-09,Customer_309,9800000309,DA,40000,0,Open
310,7,2024-05-10,Customer_310,9800000310,BA,30000,0,Open
311,8,2024-05-11,Customer_311,9800000311,FSD,45000,0,Open
312,1,2024-05-12,Customer_312,9800000312,DS,35000,0,Open
313,2,2024-05-13,Customer_313,9800000313,DA,40000,0,Open
314,3,2024-05-14,Customer_314,9800000314,BA,30000,0,Open
315,4,2024-05-15,Customer_315,9800000315,FSD,45000,0,Open
316,5,2024-05-16,Customer_316,9800000316,DS,35000,0,Open
317,6,2024-05-17,Customer_317,9800000317,DA,40000,0,Open
318,7,2024-05-18,Customer_318,9800000318,BA,30000,0,Open
319,8,2024-05-19,Customer_319,9800000319,FSD,45000,0,Open
320,1,2024-05-20,Customer_320,9800000320,DS,35000,0,Open
321,2,2024-05-21,Customer_321,9800000321,DA,40000,0,Open
322,3,2024-05-22,Customer_322,9800000322,BA,30000,0,Open
323,4,2024-05-23,Customer_323,9800000323,FSD,45000,0,Open
324,5,2024-05-24,Customer_324,9800000324,DS,35000,0,Open
325,6,2024-05-25,Customer_325,9800000325,DA,40000,0,Open
326,7,2024-05-26,Customer_326,9800000326,BA,30000,0,Open
327,8,2024-05-27,Customer_327,9800000327,FSD,45000,0,Open
328,1,2024-05-28,Customer_328,9800000328,DS,35000,0,Open
329,2,2024-05-29,Customer_329,9800000329,DA,40000,0,Open
330,3,2024-05-30,Customer_330,9800000330,BA,30000,0,Open
331,4,2024-05-31,Customer_331,9800000331,FSD,45000,0,Open
332,5,2024-06-01,Customer_332,9800000332,DS,35000,0,Open
333,6,2024-06-02,Customer_333,9800000333,DA,40000,0,Open
334,7,2024-06-03,Customer_334,9800000334,BA,30000,0,Open
335,8,2024-06-04,Customer_335,9800000335,FSD,45000,0,Open
336,1,2024-06-05,Customer_336,9800000336,DS,35000,0,Open
337,2,2024-06-06,Customer_337,9800000337,DA,40000,0,Open
338,3,2024-06-07,Customer_338,9800000338,BA,30000,0,Open
339,4,2024-06-08,Customer_339,9800000339,FSD,45000,0,Open
340,5,2024-06-09,Customer_340,9800000340,DS,35000,0,Open
341,6,2024-06-10,Customer_341,9800000341,DA,40000,0,Open
342,7,2024-06-11,Customer_342,9800000342,BA,30000,0,Open
343,8,2024-06-12,Customer_343,9800000343,FSD,45000,0,Open
344,1,2024-06-13,Customer_344,9800000344,DS,35000,0,Open
345,2,2024-06-14,Customer_345,9800000345,DA,40000,0,Open
346,3,2024-06-15,Customer_346,9800000346,BA,30000,0,Open
347,4,2024-06-16,Customer_347,9800000347,FSD,45000,0,Open
348,5,2024-06-17,Customer_348,9800000348,DS,35000,0,Open
349,6,2024-06-18,Customer_349,9800000349,DA,40000,0,Open
350,7,2024-06-19,Customer_350,9800000350,BA,30000,0,Open
351,8,2024-06-20,Customer_351,9800000351,FSD,45000,0,Open
352,1,2024-06-21,Customer_352,9800000352,DS,35000,0,Open
353,2,2024-06-22,Customer_353,9800000353,DA,40000,0,Open
354,3,2024-06-23,Customer_354,9800000354,BA,30000,0,Open
355,4,2024-06-24,Customer_355,9800000355,FSD,45000,0,Open
356,5,2024-06-25,Customer_356,9800000356,DS,35000,0,Open
357,6,2024-06-26,Customer_357,9800000357,DA,40000,0,Open
358,7,2024-06-27,Customer_358,9800000358,BA,30000,0,Open
359,8,2024-06-28,Customer_359,9800000359,FSD,45000,0,Open
360,1,2024-01-01,Customer_360,9800000360,DS,35000,0,Open
361,2,2024-01-02,Customer_361,9800000361,DA,40000,0,Open
362,3,2024-01-03,Customer_362,9800000362,BA,30000,0,Open
363,4,2024-01-04,Customer_363,9800000363,FSD,45000,0,Open
364,5,2024-01-05,Customer_364,9800000364,DS,35000,0,Open
365,6,2024-01-06,Customer_365,9800000365,DA,40000,0,Open
366,7,2024-01-07,Customer_366,9800000366,BA,30000,0,Open
367,8,2024-01-08,Customer_367,9800000367,FSD,45000,0,Open
368,1,2024-01-09,Customer_368,9800000368,DS,35000,0,Open
369,2,2024-01-10,Customer_369,9800000369,DA,40000,0,Open
370,3,2024-01-11,Customer_370,9800000370,BA,30000,0,Open
371,4,2024-01-12,Customer_371,9800000371,FSD,45000,0,Open
372,5,2024-01-13,Customer_372,9800000372,DS,35000,0,Open
373,6,2024-01-14,Customer_373,9800000373,DA,40000,0,Open
374,7,2024-01-15,Customer_374,9800000374,BA,30000,0,Open
375,8,2024-01-16,Customer_375,9800000375,FSD,45000,0,Open
376,1,2024-01-17,Customer_376,9800000376,DS,35000,0,Open
377,2,2024-01-18,Customer_377,9800000377,DA,40000,0,Open
378,3,2024-01-19,Customer_378,9800000378,BA,30000,0,Open
379,4,2024-01-20,Customer_379,9800000379,FSD,45000,0,Open
380,5,2024-01-21,Customer_380,9800000380,DS,35000,0,Open
381,6,2024-01-22,Customer_381,9800000381,DA,40000,0,Open
382,7,2024-01-23,Customer_382,9800000382,BA,30000,0,Open
383,8,2024-01-24,Customer_383,9800000383,FSD,45000,0,Open
384,1,2024-01-25,Customer_384,9800000384,DS,35000,0,Open
385,2,2024-01-26,Customer_385,9800000385,DA,40000,0,Open
386,3,2024-01-27,Customer_386,9800000386,BA,30000,0,Open
387,4,2024-01-28,Customer_387,9800000387,FSD,45000,0,Open
388,5,2024-01-29,Customer_388,9800000388,DS,35000,0,Open
389,6,2024-01-30,Customer_389,9800000389,DA,40000,0,Open
390,7,2024-01-31,Customer_390,9800000390,BA,30000,0,Open
391,8,2024-02-01,Customer_391,9800000391,FSD,45000,0,Open
392,1,2024-02-02,Customer_392,9800000392,DS,35000,0,Open
393,2,2024-02-03,Customer_393,9800000393,DA,40000,0,Open
394,3,2024-02-04,Customer_394,9800000394,BA,30000,0,Open
395,4,2024-02-05,Customer_395,9800000395,FSD,45000,0,Open
396,5,2024-02-06,Customer_396,9800000396,DS,35000,0,Open
397,6,2024-02-07,Customer_397,9800000397,DA,40000,0,Open
398,7,2024-02-08,Customer_398,9800000398,BA,30000,0,Open
399,8,2024-02-09,Customer_399,9800000399,FSD,45000,0,Open
400,1,2024-02-10,Customer_400,9800000400,DS,35000,0,Open
401,2,2024-02-11,Customer_401,9800000401,DA,40000,0,Open
402,3,2024-02-12,Customer_402,9800000402,BA,30000,0,Open
403,4,2024-02-13,Customer_403,9800000403,FSD,45000,0,Open
404,5,2024-02-14,Customer_404,9800000404,DS,35000,0,Open
405,6,2024-02-15,Customer_405,9800000405,DA,40000,0,Open
406,7,2024-02-16,Customer_406,9800000406,BA,30000,0,Open
407,8,2024-02-17,Customer_407,9800000407,FSD,45000,0,Open
408,1,2024-02-18,Customer_408,9800000408,DS,35000,0,Open
409,2,2024-02-19,Customer_409,9800000409,DA,40000,0,Open
410,3,2024-02-20,Customer_410,9800000410,BA,30000,0,Open
411,4,2024-02-21,Customer_411,9800000411,FSD,45000,0,Open
412,5,2024-02-22,Customer_412,9800000412,DS,35000,0,Open
413,6,2024-02-23,Customer_413,9800000413,DA,40000,0,Open
414,7,2024-02-24,Customer_414,9800000414,BA,30000,0,Open
415,8,2024-02-25,Customer_415,9800000415,FSD,45000,0,Open
416,1,2024-02-26,Customer_416,9800000416,DS,35000,0,Open
417,2,2024-02-27,Customer_417,9800000417,DA,40000,0,Open
418,3,2024-02-28,Customer_418,9800000418,BA,30000,0,Open
419,4,2024-02-29,Customer_419,9800000419,FSD,45000,0,Open
420,5,2024-03-01,Customer_420,9800000420,DS,35000,0,Open
421,6,2024-03-02,Customer_421,9800000421,DA,40000,0,Open
422,7,2024-03-03,Customer_422,9800000422,BA,30000,0,Open
423,8,2024-03-04,Customer_423,9800000423,FSD,45000,0,Open
424,1,2024-03-05,Customer_424,9800000424,DS,35000,0,Open
425,2,2024-03-06,Customer_425,9800000425,DA,40000,0,Open
426,3,2024-03-07,Customer_426,9800000426,BA,30000,0,Open
427,4,2024-03-08,Customer_427,9800000427,FSD,45000,0,Open
428,5,2024-03-09,Customer_428,9800000428,DS,35000,0,Open
429,6,2024-03-10,Customer_429,9800000429,DA,40000,0,Open
430,7,2024-03-11,Customer_430,9800000430,BA,30000,0,Open
431,8,2024-03-12,Customer_431,9800000431,FSD,45000,0,Open
432,1,2024-03-13,Customer_432,9800000432,DS,35000,0,Open
433,2,2024-03-14,Customer_433,9800000433,DA,40000,0,Open
434,3,2024-03-15,Customer_434,9800000434,BA,30000,0,Open
435,4,2024-03-16,Customer_435,9800000435,FSD,45000,0,Open
436,5,2024-03-17,Customer_436,9800000436,DS,35000,0,Open
437,6,2024-03-18,Customer_437,9800000437,DA,40000,0,Open
438,7,2024-03-19,Customer_438,9800000438,BA,30000,0,Open
439,8,2024-03-20,Customer_439,9800000439,FSD,45000,0,Open
440,1,2024-03-21,Customer_440,9800000440,DS,35000,0,Open
441,2,2024-03-22,Customer_441,9800000441,DA,40000,0,Open
442,3,2024-03-23,Customer_442,9800000442,BA,30000,0,Open
443,4,2024-03-24,Customer_443,9800000443,FSD,45000,0,Open
444,5,2024-03-25,Customer_444,9800000444,DS,35000,0,Open
445,6,2024-03-26,Customer_445,9800000445,DA,40000,0,Open
446,7,2024-03-27,Customer_446,9800000446,BA,30000,0,Open
447,8,2024-03-28,Customer_447,9800000447,FSD,45000,0,Open
448,1,2024-03-29,Customer_448,9800000448,DS,35000,0,Open
449,2,2024-03-30,Customer_449,9800000449,DA,40000,0,Open
450,3,2024-03-31,Customer_450,9800000450,BA,30000,0,Open
451,4,2024-04-01,Customer_451,9800000451,FSD,45000,0,Open
452,5,2024-04-02,Customer_452,9800000452,DS,35000,0,Open
453,6,2024-04-03,Customer_453,9800000453,DA,40000,0,Open
454,7,2024-04-04,Customer_454,9800000454,BA,30000,0,Open
455,8,2024-04-05,Customer_455,9800000455,FSD,45000,0,Open
456,1,2024-04-06,Customer_456,9800000456,DS,35000,0,Open
457,2,2024-04-07,Customer_457,9800000457,DA,40000,0,Open
458,3,2024-04-08,Customer_458,9800000458,BA,30000,0,Open
459,4,2024-04-09,Customer_459,9800000459,FSD,45000,0,Open
460,5,2024-04-10,Customer_460,9800000460,DS,35000,0,Open
461,6,2024-04-11,Customer_461,9800000461,DA,40000,0,Open
462,7,2024-04-12,Customer_462,9800000462,BA,30000,0,Open
463,8,2024-04-13,Customer_463,9800000463,FSD,45000,0,Open
464,1,2024-04-14,Customer_464,9800000464,DS,35000,0,Open
465,2,2024-04-15,Customer_465,9800000465,DA,40000,0,Open
466,3,2024-04-16,Customer_466,9800000466,BA,30000,0,Open
467,4,2024-04-17,Customer_467,9800000467,FSD,45000,0,Open
468,5,2024-04-18,Customer_468,9800000468,DS,35000,0,Open
469,6,2024-04-19,Customer_469,9800000469,DA,40000,0,Open
470,7,2024-04-20,Customer_470,9800000470,BA,30000,0,Open
471,8,2024-04-21,Customer_471,9800000471,FSD,45000,0,Open
472,1,2024-04-22,Customer_472,9800000472,DS,35000,0,Open
473,2,2024-04-23,Customer_473,9800000473,DA,40000,0,Open
474,3,2024-04-24,Customer_474,9800000474,BA,30000,0,Open
475,4,2024-04-25,Customer_475,9800000475,FSD,45000,0,Open
476,5,2024-04-26,Customer_476,9800000476,DS,35000,0,Open
477,6,2024-04-27,Customer_477,9800000477,DA,40000,0,Open
478,7,2024-04-28,Customer_478,9800000478,BA,30000,0,Open
479,8,2024-04-29,Customer_479,9800000479,FSD,45000,0,Open
480,1,2024-04-30,Customer_480,9800000480,DS,35000,0,Open
481,2,2024-05-01,Customer_481,9800000481,DA,40000,0,Open
482,3,2024-05-02,Customer_482,9800000482,BA,30000,0,Open
483,4,2024-05-03,Customer_483,9800000483,FSD,45000,0,Open
484,5,2024-05-04,Customer_484,9800000484,DS,35000,0,Open
485,6,2024-05-05,Customer_485,9800000485,DA,40000,0,Open
486,7,2024-05-06,Customer_486,9800000486,BA,30000,0,Open
487,8,2024-05-07,Customer_487,9800000487,FSD,45000,0,Open
488,1,2024-05-08,Customer_488,9800000488,DS,35000,0,Open
489,2,2024-05-09,Customer_489,9800000489,DA,40000,0,Open
490,3,2024-05-10,Customer_490,9800000490,BA,30000,0,Open
491,4,2024-05-11,Customer_491,9800000491,FSD,45000,0,Open
492,5,2024-05-12,Customer_492,9800000492,DS,35000,0,Open
493,6,2024-05-13,Customer_493,9800000493,DA,40000,0,Open
494,7,2024-05-14,Customer_494,9800000494,BA,30000,0,Open
495,8,2024-05-15,Customer_495,9800000495,FSD,45000,0,Open
496,1,2024-05-16,Customer_496,9800000496,DS,35000,0,Open
497,2,2024-05-17,Customer_497,9800000497,DA,40000,0,Open
498,3,2024-05-18,Customer_498,9800000498,BA,30000,0,Open
499,4,2024-05-19,Customer_499,9800000499,FSD,45000,0,Open
500,5,2024-05-20,Customer_500,9800000500,DS,35000,0,Open
501,6,2024-05-21,Customer_501,9800000501,DA,40000,0,Open
502,7,2024-05-22,Customer_502,9800000502,BA,30000,0,Open
503,8,2024-05-23,Customer_503,9800000503,FSD,45000,0,Open
504,1,2024-05-24,Customer_504,9800000504,DS,35000,0,Open
505,2,2024-05-25,Customer_505,9800000505,DA,40000,0,Open
506,3,2024-05-26,Customer_506,9800000506,BA,30000,0,Open
507,4,2024-05-27,Customer_507,9800000507,FSD,45000,0,Open
508,5,2024-05-28,Customer_508,9800000508,DS,35000,0,Open
509,6,2024-05-29,Customer_509,9800000509,DA,40000,0,Open
510,7,2024-05-30,Customer_510,9800000510,BA,30000,0,Open
511,8,2024-05-31,Customer_511,9800000511,FSD,45000,0,Open
512,1,2024-06-01,Customer_512,9800000512,DS,35000,0,Open
513,2,2024-06-02,Customer_513,9800000513,DA,40000,0,Open
514,3,2024-06-03,Customer_514,9800000514,BA,30000,0,Open
515,4,2024-06-04,Customer_515,9800000515,FSD,45000,0,Open
516,5,2024-06-05,Customer_516,9800000516,DS,35000,0,Open
517,6,2024-06-06,Customer_517,9800000517,DA,40000,0,Open
518,7,2024-06-07,Customer_518,9800000518,BA,30000,0,Open
519,8,2024-06-08,Customer_519,9800000519,FSD,45000,0,Open
520,1,2024-06-09,Customer_520,9800000520,DS,35000,0,Open
521,2,2024-06-10,Customer_521,9800000521,DA,40000,0,Open
522,3,2024-06-11,Customer_522,9800000522,BA,30000,0,Open
523,4,2024-06-12,Customer_523,9800000523,FSD,45000,0,Open
524,5,2024-06-13,Customer_524,9800000524,DS,35000,0,Open
525,6,2024-06-14,Customer_525,9800000525,DA,40000,0,Open
526,7,2024-06-15,Customer_526,9800000526,BA,30000,0,Open
527,8,2024-06-16,Customer_527,9800000527,FSD,45000,0,Open
528,1,2024-06-17,Customer_528,9800000528,DS,35000,0,Open
529,2,2024-06-18,Customer_529,9800000529,DA,40000,0,Open
530,3,2024-06-19,Customer_530,9800000530,BA,30000,0,Open
531,4,2024-06-20,Customer_531,9800000531,FSD,45000,0,Open
532,5,2024-06-21,Customer_532,9800000532,DS,35000,0,Open
533,6,2024-06-22,Customer_533,9800000533,DA,40000,0,Open
534,7,2024-06-23,Customer_534,9800000534,BA,30000,0,Open
535,8,2024-06-24,Customer_535,9800000535,FSD,45000,0,Open
536,1,2024-06-25,Customer_536,9800000536,DS,35000,0,Open
537,2,2024-06-26,Customer_537,9800000537,DA,40000,0,Open
538,3,2024-06-27,Customer_538,9800000538,BA,30000,0,Open
539,4,2024-06-28,Customer_539,9800000539,FSD,45000,0,Open
540,5,2024-01-01,Customer_540,9800000540,DS,35000,0,Open
541,6,2024-01-02,Customer_541,9800000541,DA,40000,0,Open
542,7,2024-01-03,Customer_542,9800000542,BA,30000,0,Open
543,8,2024-01-04,Customer_543,9800000543,FSD,45000,0,Open
544,1,2024-01-05,Customer_544,9800000544,DS,35000,0,Open
545,2,2024-01-06,Customer_545,9800000545,DA,40000,0,Open
546,3,2024-01-07,Customer_546,9800000546,BA,30000,0,Open
547,4,2024-01-08,Customer_547,9800000547,FSD,45000,0,Open
548,5,2024-01-09,Customer_548,9800000548,DS,35000,0,Open
549,6,2024-01-10,Customer_549,9800000549,DA,40000,0,Open
550,7,2024-01-11,Customer_550,9800000550,BA,30000,0,Open
551,8,2024-01-12,Customer_551,9800000551,FSD,45000,0,Open
552,1,2024-01-13,Customer_552,9800000552,DS,35000,0,Open
553,2,2024-01-14,Customer_553,9800000553,DA,40000,0,Open
554,3,2024-01-15,Customer_554,9800000554,BA,30000,0,Open
555,4,2024-01-16,Customer_555,9800000555,FSD,45000,0,Open
556,5,2024-01-17,Customer_556,9800000556,DS,35000,0,Open
557,6,2024-01-18,Customer_557,9800000557,DA,40000,0,Open
558,7,2024-01-19,Customer_558,9800000558,BA,30000,0,Open
559,8,2024-01-20,Customer_559,9800000559,FSD,45000,0,Open
560,1,2024-01-21,Customer_560,9800000560,DS,35000,0,Open
561,2,2024-01-22,Customer_561,9800000561,DA,40000,0,Open
562,3,2024-01-23,Customer_562,9800000562,BA,30000,0,Open
563,4,2024-01-24,Customer_563,9800000563,FSD,45000,0,Open
564,5,2024-01-25,Customer_564,9800000564,DS,35000,0,Open
565,6,2024-01-26,Customer_565,9800000565,DA,40000,0,Open
566,7,2024-01-27,Customer_566,9800000566,BA,30000,0,Open
567,8,2024-01-28,Customer_567,9800000567,FSD,45000,0,Open
568,1,2024-01-29,Customer_568,9800000568,DS,35000,0,Open
569,2,2024-01-30,Customer_569,9800000569,DA,40000,0,Open
570,3,2024-01-31,Customer_570,9800000570,BA,30000,0,Open
571,4,2024-02-01,Customer_571,9800000571,FSD,45000,0,Open
572,5,2024-02-02,Customer_572,9800000572,DS,35000,0,Open
573,6,2024-02-03,Customer_573,9800000573,DA,40000,0,Open
574,7,2024-02-04,Customer_574,9800000574,BA,30000,0,Open
575,8,2024-02-05,Customer_575,9800000575,FSD,45000,0,Open
576,1,2024-02-06,Customer_576,9800000576,DS,35000,0,Open
577,2,2024-02-07,Customer_577,9800000577,DA,40000,0,Open
578,3,2024-02-08,Customer_578,9800000578,BA,30000,0,Open
579,4,2024-02-09,Customer_579,9800000579,FSD,45000,0,Open
580,5,2024-02-10,Customer_580,9800000580,DS,35000,0,Open
581,6,2024-02-11,Customer_581,9800000581,DA,40000,0,Open
582,7,2024-02-12,Customer_582,9800000582,BA,30000,0,Open
583,8,2024-02-13,Customer_583,9800000583,FSD,45000,0,Open
584,1,2024-02-14,Customer_584,9800000584,DS,35000,0,Open
585,2,2024-02-15,Customer_585,9800000585,DA,40000,0,Open
586,3,2024-02-16,Customer_586,9800000586,BA,30000,0,Open
587,4,2024-02-17,Customer_587,9800000587,FSD,45000,0,Open
588,5,2024-02-18,Customer_588,9800000588,DS,35000,0,Open
589,6,2024-02-19,Customer_589,9800000589,DA,40000,0,Open
590,7,2024-02-20,Customer_590,9800000590,BA,30000,0,Open
591,8,2024-02-21,Customer_591,9800000591,FSD,45000,0,Open
592,1,2024-02-22,Customer_592,9800000592,DS,35000,0,Open
593,2,2024-02-23,Customer_593,9800000593,DA,40000,0,Open
594,3,2024-02-24,Customer_594,9800000594,BA,30000,0,Open
595,4,2024-02-25,Customer_595,9800000595,FSD,45000,0,Open
596,5,2024-02-26,Customer_596,9800000596,DS,35000,0,Open
597,6,2024-02-27,Customer_597,9800000597,DA,40000,0,Open
598,7,2024-02-28,Customer_598,9800000598,BA,30000,0,Open
599,8,2024-02-29,Customer_599,9800000599,FSD,45000,0,Open
600,1,2024-03-01,Customer_600,9800000600,DS,35000,0,Open
